task_id,hostname,native_id,process,tag,name,status,exit,module,container,cpus,time,disk,memory,attempt,submit,start,complete,duration,realtime,queue,%cpu,%mem,rss,vmem,peak_rss,peak_vmem,rchar,wchar,syscr,syscw,read_bytes,write_bytes,cpu_model
1,-,847905,NFCORE_NANOSEQ:NANOSEQ:INPUT_CHECK:SAMPLESHEET_CHECK,samplesheet_full.csv,NFCORE_NANOSEQ:NANOSEQ:INPUT_CHECK:SAMPLESHEET_CHECK (samplesheet_full.csv),COMPLETED,0,-,quay.io/biocontainers/python:3.8.3,1,14400000,-,6442450944,1,1724251948014,1724251948023,1724251949903,1889,0,-,69.1,0.0,9109504,32432128,9109504,32440320,680362,1038,244,17,5087232,12288,Intel(R) Core(TM) i7-10700T CPU @ 2.00GHz
12,-,849993,NFCORE_NANOSEQ:NANOSEQ:QCFASTQ_NANOPLOT_FASTQC:FASTQC,K562_R1,NFCORE_NANOSEQ:NANOSEQ:QCFASTQ_NANOPLOT_FASTQC:FASTQC (K562_R1),COMPLETED,0,-,quay.io/biocontainers/fastqc:0.11.9--0,6,28800000,-,25769803776,1,1724253174303,1724253174366,1724253245836,71533,70000,-,104.1,3.5,1173999616,4491829248,1173999616,4493193216,1449082154,2119932,2800461,6083,52056064,2375680,Intel(R) Core(TM) i7-10700T CPU @ 2.00GHz
14,-,851428,NFCORE_NANOSEQ:NANOSEQ:QCFASTQ_NANOPLOT_FASTQC:NANOPLOT,K562_R1,NFCORE_NANOSEQ:NANOSEQ:QCFASTQ_NANOPLOT_FASTQC:NANOPLOT (K562_R1),COMPLETED,0,-,quay.io/biocontainers/nanoplot:1.41.0--pyhdfd78af_0,2,14400000,-,12884901888,1,1724253245842,1724253245936,1724253467451,221609,220000,-,89.2,7.6,2493448192,43304116224,2840514560,72958873600,1497393801,18536755,356777,551,128614400,10338304,Intel(R) Core(TM) i7-10700T CPU @ 2.00GHz
13,-,866901,NFCORE_NANOSEQ:NANOSEQ:PREPARE_GENOME:SAMTOOLS_FAIDX,genome.fa,NFCORE_NANOSEQ:NANOSEQ:PREPARE_GENOME:SAMTOOLS_FAIDX (genome.fa),COMPLETED,0,-,quay.io/biocontainers/samtools:1.16.1--h6899075_1,1,14400000,-,6442450944,1,1724254023878,1724254023910,1724254033247,9369,8000,-,99.7,0.0,4857856,12550144,4857856,12554240,3147395864,5625,48248,19,5926912,12288,Intel(R) Core(TM) i7-10700T CPU @ 2.00GHz
16,-,866874,NFCORE_NANOSEQ:NANOSEQ:PREPARE_GENOME:SAMTOOLS_FAIDX,genome.fa,NFCORE_NANOSEQ:NANOSEQ:PREPARE_GENOME:SAMTOOLS_FAIDX (genome.fa),COMPLETED,0,-,quay.io/biocontainers/samtools:1.16.1--h6899075_1,1,14400000,-,6442450944,1,1724254023873,1724254023910,1724254033329,9456,9000,-,99.3,0.0,4800512,12550144,4800512,12554240,3147395862,5625,48248,19,0,12288,Intel(R) Core(TM) i7-10700T CPU @ 2.00GHz
20,-,866864,NFCORE_NANOSEQ:NANOSEQ:PREPARE_GENOME:SAMTOOLS_FAIDX,genome.fa,NFCORE_NANOSEQ:NANOSEQ:PREPARE_GENOME:SAMTOOLS_FAIDX (genome.fa),COMPLETED,0,-,quay.io/biocontainers/samtools:1.16.1--h6899075_1,1,14400000,-,6442450944,1,1724254023868,1724254023909,1724254033580,9712,9000,-,99.7,0.0,4849664,12550144,4849664,12554240,3147395863,5625,48248,19,2240512,12288,Intel(R) Core(TM) i7-10700T CPU @ 2.00GHz
8,-,868943,NFCORE_NANOSEQ:NANOSEQ:PREPARE_GENOME:SAMTOOLS_FAIDX,genome.fa,NFCORE_NANOSEQ:NANOSEQ:PREPARE_GENOME:SAMTOOLS_FAIDX (genome.fa),COMPLETED,0,-,quay.io/biocontainers/samtools:1.16.1--h6899075_1,1,14400000,-,6442450944,1,1724254033337,1724254033429,1724254042708,9371,9000,-,100.1,0.0,4902912,12550144,4902912,12554240,3147395863,5626,48248,19,0,12288,Intel(R) Core(TM) i7-10700T CPU @ 2.00GHz
11,-,868900,NFCORE_NANOSEQ:NANOSEQ:PREPARE_GENOME:SAMTOOLS_FAIDX,genome.fa,NFCORE_NANOSEQ:NANOSEQ:PREPARE_GENOME:SAMTOOLS_FAIDX (genome.fa),COMPLETED,0,-,quay.io/biocontainers/samtools:1.16.1--h6899075_1,1,14400000,-,6442450944,1,1724254033252,1724254033329,1724254042882,9630,9000,-,99.3,0.0,4857856,12550144,4857856,12554240,3147395862,5625,48248,19,0,12288,Intel(R) Core(TM) i7-10700T CPU @ 2.00GHz
5,-,869051,NFCORE_NANOSEQ:NANOSEQ:PREPARE_GENOME:SAMTOOLS_FAIDX,genome.fa,NFCORE_NANOSEQ:NANOSEQ:PREPARE_GENOME:SAMTOOLS_FAIDX (genome.fa),COMPLETED,0,-,quay.io/biocontainers/samtools:1.16.1--h6899075_1,1,14400000,-,6442450944,1,1724254033585,1724254033681,1724254042992,9407,8000,-,100.1,0.0,4829184,12550144,4829184,12554240,3147395863,5626,48248,19,0,12288,Intel(R) Core(TM) i7-10700T CPU @ 2.00GHz
3,-,861862,NFCORE_NANOSEQ:NANOSEQ:QCFASTQ_NANOPLOT_FASTQC:NANOPLOT,A549_R1,NFCORE_NANOSEQ:NANOSEQ:QCFASTQ_NANOPLOT_FASTQC:NANOPLOT (A549_R1),COMPLETED,0,-,quay.io/biocontainers/nanoplot:1.41.0--pyhdfd78af_0,2,14400000,-,12884901888,1,1724253766825,1724253766843,1724254113495,346670,345000,-,95.0,8.2,2737176576,43453661184,2962083840,73117089792,2412798797,27565902,578192,551,0,10313728,Intel(R) Core(TM) i7-10700T CPU @ 2.00GHz
2,-,876560,NFCORE_NANOSEQ:NANOSEQ:QCFASTQ_NANOPLOT_FASTQC:FASTQC,A549_R1,NFCORE_NANOSEQ:NANOSEQ:QCFASTQ_NANOPLOT_FASTQC:FASTQC (A549_R1),COMPLETED,0,-,quay.io/biocontainers/fastqc:0.11.9--0,6,28800000,-,25769803776,1,1724254113502,1724254113595,1724254228813,115311,114000,-,102.5,3.6,1197293568,4491829248,1197293568,4556845056,2355373110,1940891,4570459,5819,245760,2228224,Intel(R) Core(TM) i7-10700T CPU @ 2.00GHz
4,-,878487,NFCORE_NANOSEQ:NANOSEQ:PREPARE_GENOME:GET_CHROM_SIZES,genome.fa,NFCORE_NANOSEQ:NANOSEQ:PREPARE_GENOME:GET_CHROM_SIZES (genome.fa),COMPLETED,0,-,quay.io/biocontainers/samtools:1.13--h8c37831_0,6,28800000,-,25769803776,1,1724254228818,1724254228914,1724254239141,10323,9000,-,99.6,0.0,4878336,12427264,4878336,12431360,3147399755,5817,48258,20,7938048,16384,Intel(R) Core(TM) i7-10700T CPU @ 2.00GHz
21,-,879206,NFCORE_NANOSEQ:NANOSEQ:ALIGN_MINIMAP2:MINIMAP2_INDEX,genome.fa,NFCORE_NANOSEQ:NANOSEQ:ALIGN_MINIMAP2:MINIMAP2_INDEX (genome.fa),COMPLETED,0,-,quay.io/biocontainers/minimap2:2.17--hed695b0_3,12,57600000,-,25769803776,1,1724254239529,1724254239541,1724254328167,88638,83000,-,242.7,54.8,18363625472,22571237376,19359133696,23855484928,3147330561,11574289224,192230,684930,847872,11574296576,Intel(R) Core(TM) i7-10700T CPU @ 2.00GHz
22,-,880849,NFCORE_NANOSEQ:NANOSEQ:ALIGN_MINIMAP2:MINIMAP2_ALIGN,A549_R1,NFCORE_NANOSEQ:NANOSEQ:ALIGN_MINIMAP2:MINIMAP2_ALIGN (A549_R1),COMPLETED,0,-,quay.io/biocontainers/minimap2:2.17--hed695b0_3,6,28800000,-,25769803776,1,1724254329165,1724254329170,1724256429822,2100657,2098000,-,594.5,63.5,21288017920,21949825024,21689958400,22360875008,13908852912,5951401636,970009,1451598,8876158976,5951410176,Intel(R) Core(TM) i7-10700T CPU @ 2.00GHz
25,-,891625,NFCORE_NANOSEQ:NANOSEQ:ALIGN_MINIMAP2:MINIMAP2_ALIGN,K562_R1,NFCORE_NANOSEQ:NANOSEQ:ALIGN_MINIMAP2:MINIMAP2_ALIGN (K562_R1),COMPLETED,0,-,quay.io/biocontainers/minimap2:2.17--hed695b0_3,6,28800000,-,25769803776,1,1724256429830,1724256429922,1724257806609,1376779,1373000,-,587.8,63.2,21187108864,21614231552,21190045696,21614235648,13002496206,3606204372,859369,875560,11512569856,3606212608,Intel(R) Core(TM) i7-10700T CPU @ 2.00GHz
10,-,900535,NFCORE_NANOSEQ:NANOSEQ:QCFASTQ_NANOPLOT_FASTQC:NANOPLOT,A549_R3,NFCORE_NANOSEQ:NANOSEQ:QCFASTQ_NANOPLOT_FASTQC:NANOPLOT (A549_R3),COMPLETED,0,-,quay.io/biocontainers/nanoplot:1.41.0--pyhdfd78af_0,2,14400000,-,12884901888,1,1724257806615,1724257806709,1724257961971,155356,154000,-,96.6,6.8,2284773376,37336649728,2456453120,62982770688,1155771478,19631314,273105,551,1157423104,10285056,Intel(R) Core(TM) i7-10700T CPU @ 2.00GHz
15,-,908985,NFCORE_NANOSEQ:NANOSEQ:QCFASTQ_NANOPLOT_FASTQC:NANOPLOT,K562_R2,NFCORE_NANOSEQ:NANOSEQ:QCFASTQ_NANOPLOT_FASTQC:NANOPLOT (K562_R2),COMPLETED,0,-,quay.io/biocontainers/nanoplot:1.41.0--pyhdfd78af_0,2,14400000,-,12884901888,1,1724257961975,1724257962071,1724258044154,82179,81000,-,96.7,4.0,1333477376,25197404160,1348562944,42318487552,616622176,13162614,142978,551,534872064,10354688,Intel(R) Core(TM) i7-10700T CPU @ 2.00GHz
7,-,900544,NFCORE_NANOSEQ:NANOSEQ:QCFASTQ_NANOPLOT_FASTQC:NANOPLOT,A549_R2,NFCORE_NANOSEQ:NANOSEQ:QCFASTQ_NANOPLOT_FASTQC:NANOPLOT (A549_R2),COMPLETED,0,-,quay.io/biocontainers/nanoplot:1.41.0--pyhdfd78af_0,2,14400000,-,12884901888,1,1724257806619,1724257806710,1724258121876,315257,314000,-,98.4,8.2,2727534592,43282968576,2920521728,73066913792,2443406242,25610751,586146,551,2430959616,10424320,Intel(R) Core(TM) i7-10700T CPU @ 2.00GHz
19,-,913896,NFCORE_NANOSEQ:NANOSEQ:QCFASTQ_NANOPLOT_FASTQC:NANOPLOT,K562_R3,NFCORE_NANOSEQ:NANOSEQ:QCFASTQ_NANOPLOT_FASTQC:NANOPLOT (K562_R3),COMPLETED,0,-,quay.io/biocontainers/nanoplot:1.41.0--pyhdfd78af_0,2,14400000,-,12884901888,1,1724258044158,1724258044254,1724258355094,310936,310000,-,99.1,6.7,2228330496,37366550528,2531999744,63095738368,2448770738,21962233,588261,551,2050232320,10342400,Intel(R) Core(TM) i7-10700T CPU @ 2.00GHz
9,-,925462,NFCORE_NANOSEQ:NANOSEQ:QCFASTQ_NANOPLOT_FASTQC:FASTQC,A549_R3,NFCORE_NANOSEQ:NANOSEQ:QCFASTQ_NANOPLOT_FASTQC:FASTQC (A549_R3),COMPLETED,0,-,quay.io/biocontainers/fastqc:0.11.9--0,6,28800000,-,25769803776,1,1724258355102,1724258355194,1724258409326,54224,53000,-,104.8,4.3,1439707136,4491829248,1439707136,4492996608,1106440532,2308251,2131393,6380,52125696,2543616,Intel(R) Core(TM) i7-10700T CPU @ 2.00GHz
24,-,926717,NFCORE_NANOSEQ:NANOSEQ:ALIGN_MINIMAP2:MINIMAP2_ALIGN,A549_R3,NFCORE_NANOSEQ:NANOSEQ:ALIGN_MINIMAP2:MINIMAP2_ALIGN (A549_R3),COMPLETED,0,-,quay.io/biocontainers/minimap2:2.17--hed695b0_3,6,28800000,-,25769803776,1,1724258409330,1724258409426,1724259785344,1376014,1375000,-,588.6,67.4,22598414336,23086764032,23145381888,23640424448,12659738528,2726019037,817529,657862,9857994752,2726027264,Intel(R) Core(TM) i7-10700T CPU @ 2.00GHz
23,-,935625,NFCORE_NANOSEQ:NANOSEQ:ALIGN_MINIMAP2:MINIMAP2_ALIGN,A549_R2,NFCORE_NANOSEQ:NANOSEQ:ALIGN_MINIMAP2:MINIMAP2_ALIGN (A549_R2),COMPLETED,0,-,quay.io/biocontainers/minimap2:2.17--hed695b0_3,6,28800000,-,25769803776,1,1724259785354,1724259785444,1724263385015,3599661,3596000,-,597.0,65.6,21987098624,22529175552,22553473024,23057682432,13941529470,6001670628,973997,1413229,11441528832,6001680384,Intel(R) Core(TM) i7-10700T CPU @ 2.00GHz
6,-,949868,NFCORE_NANOSEQ:NANOSEQ:QCFASTQ_NANOPLOT_FASTQC:FASTQC,A549_R2,NFCORE_NANOSEQ:NANOSEQ:QCFASTQ_NANOPLOT_FASTQC:FASTQC (A549_R2),COMPLETED,0,-,quay.io/biocontainers/fastqc:0.11.9--0,6,28800000,-,25769803776,1,1724263385021,1724263385115,1724263498431,113410,112000,-,102.9,5.0,1662869504,4571910144,1664618496,4629200896,2388114608,2038332,4634542,5964,1015738368,2379776,Intel(R) Core(TM) i7-10700T CPU @ 2.00GHz
17,-,951795,NFCORE_NANOSEQ:NANOSEQ:QCFASTQ_NANOPLOT_FASTQC:FASTQC,K562_R2,NFCORE_NANOSEQ:NANOSEQ:QCFASTQ_NANOPLOT_FASTQC:FASTQC (K562_R2),COMPLETED,0,-,quay.io/biocontainers/fastqc:0.11.9--0,6,28800000,-,25769803776,1,1724263498437,1724263498531,1724263527590,29153,28000,-,108.9,3.4,1144750080,4491829248,1144913920,4493455360,573707101,2128136,1090794,6119,490663936,2375680,Intel(R) Core(TM) i7-10700T CPU @ 2.00GHz
26,-,952822,NFCORE_NANOSEQ:NANOSEQ:ALIGN_MINIMAP2:MINIMAP2_ALIGN,K562_R2,NFCORE_NANOSEQ:NANOSEQ:ALIGN_MINIMAP2:MINIMAP2_ALIGN (K562_R2),COMPLETED,0,-,quay.io/biocontainers/minimap2:2.17--hed695b0_3,6,28800000,-,25769803776,1,1724263527596,1724263527690,1724264380909,853313,852000,-,580.9,61.3,20529991680,21012934656,20837048320,21382057984,12127101062,1444979974,752510,347856,8581894144,1444990976,Intel(R) Core(TM) i7-10700T CPU @ 2.00GHz
27,-,960453,NFCORE_NANOSEQ:NANOSEQ:ALIGN_MINIMAP2:MINIMAP2_ALIGN,K562_R3,NFCORE_NANOSEQ:NANOSEQ:ALIGN_MINIMAP2:MINIMAP2_ALIGN (K562_R3),COMPLETED,0,-,quay.io/biocontainers/minimap2:2.17--hed695b0_3,6,28800000,-,25769803776,1,1724264380927,1724264381009,1724267440954,3060027,3056000,-,596.7,67.2,22525706240,23291240448,22730846208,23291244544,13950471707,5933394206,975089,1428098,9219330048,5933404160,Intel(R) Core(TM) i7-10700T CPU @ 2.00GHz
18,-,973331,NFCORE_NANOSEQ:NANOSEQ:QCFASTQ_NANOPLOT_FASTQC:FASTQC,K562_R3,NFCORE_NANOSEQ:NANOSEQ:QCFASTQ_NANOPLOT_FASTQC:FASTQC (K562_R3),COMPLETED,0,-,quay.io/biocontainers/fastqc:0.11.9--0,6,28800000,-,25769803776,1,1724267440990,1724267441054,1724267550361,109371,108000,-,103.0,3.6,1195810816,4491829248,1195810816,4493234176,2397158303,2231332,4652220,6296,1951494144,2539520,Intel(R) Core(TM) i7-10700T CPU @ 2.00GHz
28,-,975218,NFCORE_NANOSEQ:NANOSEQ:BAM_SORT_INDEX_SAMTOOLS:SAMTOOLS_VIEW_BAM,A549_R1,NFCORE_NANOSEQ:NANOSEQ:BAM_SORT_INDEX_SAMTOOLS:SAMTOOLS_VIEW_BAM (A549_R1),COMPLETED,0,-,quay.io/biocontainers/samtools:1.15.1--h1170115_0,6,28800000,-,25769803776,1,1724267550378,1724267550461,1724267580165,29787,29000,-,466.1,0.1,52473856,621748224,52473856,686448640,5951507425,2929858194,25143,81371,5959966720,2930511872,Intel(R) Core(TM) i7-10700T CPU @ 2.00GHz
29,-,976159,NFCORE_NANOSEQ:NANOSEQ:BAM_SORT_INDEX_SAMTOOLS:SAMTOOLS_VIEW_BAM,K562_R1,NFCORE_NANOSEQ:NANOSEQ:BAM_SORT_INDEX_SAMTOOLS:SAMTOOLS_VIEW_BAM (K562_R1),COMPLETED,0,-,quay.io/biocontainers/samtools:1.15.1--h1170115_0,6,28800000,-,25769803776,1,1724267580192,1724267580265,1724267599063,18871,18000,-,465.9,0.2,54837248,622043136,54837248,685527040,3606310244,1772160854,15358,49669,3606274048,1772560384,Intel(R) Core(TM) i7-10700T CPU @ 2.00GHz
30,-,976980,NFCORE_NANOSEQ:NANOSEQ:BAM_SORT_INDEX_SAMTOOLS:SAMTOOLS_VIEW_BAM,A549_R3,NFCORE_NANOSEQ:NANOSEQ:BAM_SORT_INDEX_SAMTOOLS:SAMTOOLS_VIEW_BAM (A549_R3),COMPLETED,0,-,quay.io/biocontainers/samtools:1.15.1--h1170115_0,6,28800000,-,25769803776,1,1724267599087,1724267599163,1724267614337,15250,14000,-,444.1,0.2,71933952,629444608,71933952,686448640,2726124914,1359961729,11404,36148,2726072320,1360252928,Intel(R) Core(TM) i7-10700T CPU @ 2.00GHz
31,-,977757,NFCORE_NANOSEQ:NANOSEQ:BAM_SORT_INDEX_SAMTOOLS:SAMTOOLS_VIEW_BAM,A549_R2,NFCORE_NANOSEQ:NANOSEQ:BAM_SORT_INDEX_SAMTOOLS:SAMTOOLS_VIEW_BAM (A549_R2),COMPLETED,0,-,quay.io/biocontainers/samtools:1.15.1--h1170115_0,6,28800000,-,25769803776,1,1724267614353,1724267614437,1724267643468,29115,29000,-,462.8,0.2,77049856,629829632,77049856,686448640,6001776385,2961274124,24540,79823,6002409472,2961924096,Intel(R) Core(TM) i7-10700T CPU @ 2.00GHz
32,-,978694,NFCORE_NANOSEQ:NANOSEQ:BAM_SORT_INDEX_SAMTOOLS:SAMTOOLS_VIEW_BAM,K562_R2,NFCORE_NANOSEQ:NANOSEQ:BAM_SORT_INDEX_SAMTOOLS:SAMTOOLS_VIEW_BAM (K562_R2),COMPLETED,0,-,quay.io/biocontainers/samtools:1.15.1--h1170115_0,6,28800000,-,25769803776,1,1724267643478,1724267643568,1724267650901,7423,7000,-,461.6,0.1,49213440,622194688,49213440,686448640,1445085913,702949101,6292,19302,1445011456,703107072,Intel(R) Core(TM) i7-10700T CPU @ 2.00GHz
33,-,979252,NFCORE_NANOSEQ:NANOSEQ:BAM_SORT_INDEX_SAMTOOLS:SAMTOOLS_VIEW_BAM,K562_R3,NFCORE_NANOSEQ:NANOSEQ:BAM_SORT_INDEX_SAMTOOLS:SAMTOOLS_VIEW_BAM (K562_R3),COMPLETED,0,-,quay.io/biocontainers/samtools:1.15.1--h1170115_0,6,28800000,-,25769803776,1,1724267650914,1724267651001,1724267679800,28886,28000,-,465.2,0.2,58769408,623026176,58769408,686448640,5933499962,2953692177,25138,78589,4582834176,2954342400,Intel(R) Core(TM) i7-10700T CPU @ 2.00GHz
34,-,980208,NFCORE_NANOSEQ:NANOSEQ:BAM_SORT_INDEX_SAMTOOLS:SAMTOOLS_SORT,A549_R1,NFCORE_NANOSEQ:NANOSEQ:BAM_SORT_INDEX_SAMTOOLS:SAMTOOLS_SORT (A549_R1),COMPLETED,0,-,quay.io/biocontainers/samtools:1.16.1--h6899075_1,6,28800000,-,25769803776,1,1724267679823,1724267679900,1724267729753,49930,49000,-,475.7,14.8,4948492288,6010601472,5026050048,6075797504,5453537144,5238508485,307111,153474,1838493696,5239177216,Intel(R) Core(TM) i7-10700T CPU @ 2.00GHz
35,-,981382,NFCORE_NANOSEQ:NANOSEQ:BAM_SORT_INDEX_SAMTOOLS:SAMTOOLS_SORT,K562_R1,NFCORE_NANOSEQ:NANOSEQ:BAM_SORT_INDEX_SAMTOOLS:SAMTOOLS_SORT (K562_R1),COMPLETED,0,-,quay.io/biocontainers/samtools:1.16.1--h6899075_1,6,28800000,-,25769803776,1,1724267729777,1724267729854,1724267757814,28037,22000,-,432.5,10.0,3339096064,5959323648,3383488512,5988769792,1772266993,1667340445,99525,49672,1303437312,1667743744,Intel(R) Core(TM) i7-10700T CPU @ 2.00GHz
36,-,982279,NFCORE_NANOSEQ:NANOSEQ:BAM_SORT_INDEX_SAMTOOLS:SAMTOOLS_SORT,A549_R3,NFCORE_NANOSEQ:NANOSEQ:BAM_SORT_INDEX_SAMTOOLS:SAMTOOLS_SORT (A549_R3),COMPLETED,0,-,quay.io/biocontainers/samtools:1.16.1--h6899075_1,6,28800000,-,25769803776,1,1724267757841,1724267757914,1724267776165,18324,14000,-,455.2,7.3,2455318528,5959557120,2493657088,6024830976,1360067867,1261857100,72481,36146,1044234240,1262149632,Intel(R) Core(TM) i7-10700T CPU @ 2.00GHz
37,-,983112,NFCORE_NANOSEQ:NANOSEQ:BAM_SORT_INDEX_SAMTOOLS:SAMTOOLS_SORT,A549_R2,NFCORE_NANOSEQ:NANOSEQ:BAM_SORT_INDEX_SAMTOOLS:SAMTOOLS_SORT (A549_R2),COMPLETED,0,-,quay.io/biocontainers/samtools:1.16.1--h6899075_1,6,28800000,-,25769803776,1,1724267776183,1724267776265,1724267823080,46897,43000,-,513.4,14.7,4912836608,6012764160,4965236736,6050562048,5634770775,5446810435,308316,154093,2389233664,5447467008,Intel(R) Core(TM) i7-10700T CPU @ 2.00GHz
38,-,984280,NFCORE_NANOSEQ:NANOSEQ:BAM_SORT_INDEX_SAMTOOLS:SAMTOOLS_SORT,K562_R2,NFCORE_NANOSEQ:NANOSEQ:BAM_SORT_INDEX_SAMTOOLS:SAMTOOLS_SORT (K562_R2),COMPLETED,0,-,quay.io/biocontainers/samtools:1.16.1--h6899075_1,6,28800000,-,25769803776,1,1724267823105,1724267823180,1724267837345,14240,8000,-,452.0,3.9,1306394624,5934190592,1321951232,5999464448,703055239,677421711,38790,19307,577929216,677576704,Intel(R) Core(TM) i7-10700T CPU @ 2.00GHz
39,-,984902,NFCORE_NANOSEQ:NANOSEQ:BAM_SORT_INDEX_SAMTOOLS:SAMTOOLS_SORT,K562_R3,NFCORE_NANOSEQ:NANOSEQ:BAM_SORT_INDEX_SAMTOOLS:SAMTOOLS_SORT (K562_R3),COMPLETED,0,-,quay.io/biocontainers/samtools:1.16.1--h6899075_1,6,28800000,-,25769803776,1,1724267837355,1724267837445,1724267887174,49819,47000,-,456.1,14.7,4923072512,6010863616,4987158528,6058741760,5636011987,5450838949,303984,151909,2064023552,5451481088,Intel(R) Core(TM) i7-10700T CPU @ 2.00GHz
41,-,986099,NFCORE_NANOSEQ:NANOSEQ:BAM_SORT_INDEX_SAMTOOLS:SAMTOOLS_INDEX,K562_R1,NFCORE_NANOSEQ:NANOSEQ:BAM_SORT_INDEX_SAMTOOLS:SAMTOOLS_INDEX (K562_R1),COMPLETED,0,-,quay.io/biocontainers/samtools:1.16.1--h6899075_1,2,14400000,-,12884901888,1,1724267887211,1724267887275,1724267903620,16409,10000,-,125.4,0.0,15765504,173088768,15765504,231587840,1667445841,2253299,99528,567,827924480,2256896,Intel(R) Core(TM) i7-10700T CPU @ 2.00GHz
40,-,986082,NFCORE_NANOSEQ:NANOSEQ:BAM_SORT_INDEX_SAMTOOLS:SAMTOOLS_INDEX,A549_R1,NFCORE_NANOSEQ:NANOSEQ:BAM_SORT_INDEX_SAMTOOLS:SAMTOOLS_INDEX (A549_R1),COMPLETED,0,-,quay.io/biocontainers/samtools:1.16.1--h6899075_1,2,14400000,-,12884901888,1,1724267887191,1724267887274,1724267908994,21803,15000,-,125.7,0.0,15134720,172412928,15134720,231587840,2715065799,2343667,162950,589,1834000384,2347008,Intel(R) Core(TM) i7-10700T CPU @ 2.00GHz
42,-,987445,NFCORE_NANOSEQ:NANOSEQ:BAM_SORT_INDEX_SAMTOOLS:SAMTOOLS_INDEX,A549_R3,NFCORE_NANOSEQ:NANOSEQ:BAM_SORT_INDEX_SAMTOOLS:SAMTOOLS_INDEX (A549_R3),COMPLETED,0,-,quay.io/biocontainers/samtools:1.16.1--h6899075_1,2,14400000,-,12884901888,1,1724267903637,1724267903720,1724267911221,7584,6000,-,120.8,0.0,14868480,172036096,14868480,231587840,1261962489,2093362,72476,528,520531968,2097152,Intel(R) Core(TM) i7-10700T CPU @ 2.00GHz
48,-,987666,NFCORE_NANOSEQ:NANOSEQ:BAM_SORT_INDEX_SAMTOOLS:BAM_STATS_SAMTOOLS:SAMTOOLS_FLAGSTAT,K562_R1,NFCORE_NANOSEQ:NANOSEQ:BAM_SORT_INDEX_SAMTOOLS:BAM_STATS_SAMTOOLS:SAMTOOLS_FLAGSTAT (K562_R1),COMPLETED,0,-,quay.io/biocontainers/samtools:1.16.1--h6899075_1,1,14400000,-,6442450944,1,1724267904671,1724267904720,1724267914484,9813,9000,-,118.3,0.0,7110656,164339712,7110656,231587840,1667445934,5457,99528,19,0,12288,Intel(R) Core(TM) i7-10700T CPU @ 2.00GHz
46,-,989522,NFCORE_NANOSEQ:NANOSEQ:BAM_SORT_INDEX_SAMTOOLS:BAM_STATS_SAMTOOLS:SAMTOOLS_IDXSTATS,K562_R1,NFCORE_NANOSEQ:NANOSEQ:BAM_SORT_INDEX_SAMTOOLS:BAM_STATS_SAMTOOLS:SAMTOOLS_IDXSTATS (K562_R1),COMPLETED,0,-,quay.io/biocontainers/samtools:1.16.1--h6899075_1,1,14400000,-,6442450944,1,1724267914488,1724267914584,1724267915133,645,0,-,100.0,0.0,3248128,5640192,3248128,5644288,2363617,5494,262,19,0,12288,Intel(R) Core(TM) i7-10700T CPU @ 2.00GHz
44,-,988830,NFCORE_NANOSEQ:NANOSEQ:BAM_SORT_INDEX_SAMTOOLS:SAMTOOLS_INDEX,K562_R2,NFCORE_NANOSEQ:NANOSEQ:BAM_SORT_INDEX_SAMTOOLS:SAMTOOLS_INDEX (K562_R2),COMPLETED,0,-,quay.io/biocontainers/samtools:1.16.1--h6899075_1,2,14400000,-,12884901888,1,1724267911243,1724267911321,1724267915728,4485,4000,-,121.8,0.0,13099008,170569728,13099008,231587840,677527099,2038138,38798,515,0,2043904,Intel(R) Core(TM) i7-10700T CPU @ 2.00GHz
43,-,988282,NFCORE_NANOSEQ:NANOSEQ:BAM_SORT_INDEX_SAMTOOLS:SAMTOOLS_INDEX,A549_R2,NFCORE_NANOSEQ:NANOSEQ:BAM_SORT_INDEX_SAMTOOLS:SAMTOOLS_INDEX (A549_R2),COMPLETED,0,-,quay.io/biocontainers/samtools:1.16.1--h6899075_1,2,14400000,-,12884901888,1,1724267908999,1724267909095,1724267926394,17395,17000,-,120.5,0.0,18755584,176455680,18755584,231587840,2773550059,2626947,159868,659,685400064,2633728,Intel(R) Core(TM) i7-10700T CPU @ 2.00GHz
52,-,991636,NFCORE_NANOSEQ:NANOSEQ:BAM_SORT_INDEX_SAMTOOLS:BAM_STATS_SAMTOOLS:SAMTOOLS_IDXSTATS,A549_R1,NFCORE_NANOSEQ:NANOSEQ:BAM_SORT_INDEX_SAMTOOLS:BAM_STATS_SAMTOOLS:SAMTOOLS_IDXSTATS (A549_R1),COMPLETED,0,-,quay.io/biocontainers/samtools:1.16.1--h6899075_1,1,14400000,-,6442450944,1,1724267926411,1724267926494,1724267927145,734,0,-,100.0,0.0,3219456,5640192,3219456,5644288,2453986,5504,263,19,0,12288,Intel(R) Core(TM) i7-10700T CPU @ 2.00GHz
45,-,990067,NFCORE_NANOSEQ:NANOSEQ:BAM_SORT_INDEX_SAMTOOLS:SAMTOOLS_INDEX,K562_R3,NFCORE_NANOSEQ:NANOSEQ:BAM_SORT_INDEX_SAMTOOLS:SAMTOOLS_INDEX (K562_R3),COMPLETED,0,-,quay.io/biocontainers/samtools:1.16.1--h6899075_1,2,14400000,-,12884901888,1,1724267915733,1724267915828,1724267933744,18011,17000,-,122.7,0.1,20299776,177618944,20299776,231587840,2768755414,2740611,157382,686,0,2744320,Intel(R) Core(TM) i7-10700T CPU @ 2.00GHz
57,-,993001,NFCORE_NANOSEQ:NANOSEQ:BAM_SORT_INDEX_SAMTOOLS:BAM_STATS_SAMTOOLS:SAMTOOLS_IDXSTATS,A549_R3,NFCORE_NANOSEQ:NANOSEQ:BAM_SORT_INDEX_SAMTOOLS:BAM_STATS_SAMTOOLS:SAMTOOLS_IDXSTATS (A549_R3),COMPLETED,0,-,quay.io/biocontainers/samtools:1.16.1--h6899075_1,1,14400000,-,6442450944,1,1724267933761,1724267933844,1724267934717,956,0,-,92.8,0.0,3174400,5640192,3174400,5644288,2203681,5489,259,19,0,12288,Intel(R) Core(TM) i7-10700T CPU @ 2.00GHz
58,-,993025,NFCORE_NANOSEQ:NANOSEQ:BAM_SORT_INDEX_SAMTOOLS:BAM_STATS_SAMTOOLS:SAMTOOLS_FLAGSTAT,A549_R3,NFCORE_NANOSEQ:NANOSEQ:BAM_SORT_INDEX_SAMTOOLS:BAM_STATS_SAMTOOLS:SAMTOOLS_FLAGSTAT (A549_R3),COMPLETED,0,-,quay.io/biocontainers/samtools:1.16.1--h6899075_1,1,14400000,-,6442450944,1,1724267933775,1724267933848,1724267944127,10352,9000,-,117.5,0.0,7053312,164605952,7053312,231587840,1261962586,5457,72476,19,0,12288,Intel(R) Core(TM) i7-10700T CPU @ 2.00GHz
63,-,995184,NFCORE_NANOSEQ:NANOSEQ:BAM_SORT_INDEX_SAMTOOLS:BAM_STATS_SAMTOOLS:SAMTOOLS_IDXSTATS,K562_R2,NFCORE_NANOSEQ:NANOSEQ:BAM_SORT_INDEX_SAMTOOLS:BAM_STATS_SAMTOOLS:SAMTOOLS_IDXSTATS (K562_R2),COMPLETED,0,-,quay.io/biocontainers/samtools:1.16.1--h6899075_1,1,14400000,-,6442450944,1,1724267944131,1724267944227,1724267944758,627,0,-,126.3,0.0,3248128,5640192,3248128,5644288,2148457,5482,259,19,0,12288,Intel(R) Core(TM) i7-10700T CPU @ 2.00GHz
51,-,991657,NFCORE_NANOSEQ:NANOSEQ:BAM_SORT_INDEX_SAMTOOLS:BAM_STATS_SAMTOOLS:SAMTOOLS_FLAGSTAT,A549_R1,NFCORE_NANOSEQ:NANOSEQ:BAM_SORT_INDEX_SAMTOOLS:BAM_STATS_SAMTOOLS:SAMTOOLS_FLAGSTAT (A549_R1),COMPLETED,0,-,quay.io/biocontainers/samtools:1.16.1--h6899075_1,1,14400000,-,6442450944,1,1724267926420,1724267926498,1724267946654,20234,19000,-,120.0,0.0,7053312,164339712,7053312,231587840,2715065893,5458,162950,19,0,12288,Intel(R) Core(TM) i7-10700T CPU @ 2.00GHz
47,-,989796,NFCORE_NANOSEQ:NANOSEQ:BAM_SORT_INDEX_SAMTOOLS:BAM_STATS_SAMTOOLS:SAMTOOLS_STATS,K562_R1,NFCORE_NANOSEQ:NANOSEQ:BAM_SORT_INDEX_SAMTOOLS:BAM_STATS_SAMTOOLS:SAMTOOLS_STATS (K562_R1),COMPLETED,0,-,quay.io/biocontainers/samtools:1.16.1--h6899075_1,1,14400000,-,6442450944,1,1724267915149,1724267915234,1724267949956,34807,34000,-,138.9,0.2,56254464,214065152,56254464,232976384,1667446628,2738431,99528,686,139264,2744320,Intel(R) Core(TM) i7-10700T CPU @ 2.00GHz
65,-,995454,NFCORE_NANOSEQ:NANOSEQ:BAM_SORT_INDEX_SAMTOOLS:BAM_STATS_SAMTOOLS:SAMTOOLS_FLAGSTAT,K562_R2,NFCORE_NANOSEQ:NANOSEQ:BAM_SORT_INDEX_SAMTOOLS:BAM_STATS_SAMTOOLS:SAMTOOLS_FLAGSTAT (K562_R2),COMPLETED,0,-,quay.io/biocontainers/samtools:1.16.1--h6899075_1,1,14400000,-,6442450944,1,1724267944763,1724267944858,1724267950547,5784,5000,-,118.2,0.0,7147520,164339712,7147520,231587840,677527194,5452,38798,19,0,12288,Intel(R) Core(TM) i7-10700T CPU @ 2.00GHz
68,-,996374,NFCORE_NANOSEQ:NANOSEQ:BAM_SORT_INDEX_SAMTOOLS:BAM_STATS_SAMTOOLS:SAMTOOLS_IDXSTATS,A549_R2,NFCORE_NANOSEQ:NANOSEQ:BAM_SORT_INDEX_SAMTOOLS:BAM_STATS_SAMTOOLS:SAMTOOLS_IDXSTATS (A549_R2),COMPLETED,0,-,quay.io/biocontainers/samtools:1.16.1--h6899075_1,1,14400000,-,6442450944,1,1724267949962,1724267950056,1724267950844,882,0,-,106.7,0.0,3231744,5640192,3231744,5644288,2737265,5495,268,19,0,12288,Intel(R) Core(TM) i7-10700T CPU @ 2.00GHz
56,-,993498,NFCORE_NANOSEQ:NANOSEQ:BAM_SORT_INDEX_SAMTOOLS:BAM_STATS_SAMTOOLS:SAMTOOLS_STATS,A549_R3,NFCORE_NANOSEQ:NANOSEQ:BAM_SORT_INDEX_SAMTOOLS:BAM_STATS_SAMTOOLS:SAMTOOLS_STATS (A549_R3),COMPLETED,0,-,quay.io/biocontainers/samtools:1.16.1--h6899075_1,1,14400000,-,6442450944,1,1724267934823,1724267934918,1724267964199,29376,28000,-,138.9,0.3,115044352,272986112,115044352,273055744,1261963285,24969772,72476,6113,4096,24973312,Intel(R) Core(TM) i7-10700T CPU @ 2.00GHz
64,-,995831,NFCORE_NANOSEQ:NANOSEQ:BAM_SORT_INDEX_SAMTOOLS:BAM_STATS_SAMTOOLS:SAMTOOLS_STATS,K562_R2,NFCORE_NANOSEQ:NANOSEQ:BAM_SORT_INDEX_SAMTOOLS:BAM_STATS_SAMTOOLS:SAMTOOLS_STATS (K562_R2),COMPLETED,0,-,quay.io/biocontainers/samtools:1.16.1--h6899075_1,1,14400000,-,6442450944,1,1724267946659,1724267946754,1724267964200,17541,16000,-,136.6,0.4,139517952,297402368,139517952,297431040,677527894,5333757,38798,1319,1712128,5337088,Intel(R) Core(TM) i7-10700T CPU @ 2.00GHz
75,-,999000,NFCORE_NANOSEQ:NANOSEQ:BAM_SORT_INDEX_SAMTOOLS:BAM_STATS_SAMTOOLS:SAMTOOLS_IDXSTATS,K562_R3,NFCORE_NANOSEQ:NANOSEQ:BAM_SORT_INDEX_SAMTOOLS:BAM_STATS_SAMTOOLS:SAMTOOLS_IDXSTATS (K562_R3),COMPLETED,0,-,quay.io/biocontainers/samtools:1.16.1--h6899075_1,1,14400000,-,6442450944,1,1724267964209,1724267964302,1724267965186,977,0,-,111.6,0.0,3211264,5640192,3211264,5644288,2850930,5501,269,19,2736128,12288,Intel(R) Core(TM) i7-10700T CPU @ 2.00GHz
70,-,996732,NFCORE_NANOSEQ:NANOSEQ:BAM_SORT_INDEX_SAMTOOLS:BAM_STATS_SAMTOOLS:SAMTOOLS_FLAGSTAT,A549_R2,NFCORE_NANOSEQ:NANOSEQ:BAM_SORT_INDEX_SAMTOOLS:BAM_STATS_SAMTOOLS:SAMTOOLS_FLAGSTAT (A549_R2),COMPLETED,0,-,quay.io/biocontainers/samtools:1.16.1--h6899075_1,1,14400000,-,6442450944,1,1724267950551,1724267950647,1724267972250,21699,20000,-,116.5,0.0,7360512,164876288,7360512,231587840,2773550154,5458,159868,19,37015552,12288,Intel(R) Core(TM) i7-10700T CPU @ 2.00GHz
55,-,992017,NFCORE_NANOSEQ:NANOSEQ:BAM_SORT_INDEX_SAMTOOLS:BAM_STATS_SAMTOOLS:SAMTOOLS_STATS,A549_R1,NFCORE_NANOSEQ:NANOSEQ:BAM_SORT_INDEX_SAMTOOLS:BAM_STATS_SAMTOOLS:SAMTOOLS_STATS (A549_R1),COMPLETED,0,-,quay.io/biocontainers/samtools:1.16.1--h6899075_1,1,14400000,-,6442450944,1,1724267927154,1724267927245,1724267983670,56516,56000,-,140.9,0.2,81600512,239755264,81825792,239992832,2715066587,3757858,162950,935,5750784,3764224,Intel(R) Core(TM) i7-10700T CPU @ 2.00GHz
71,-,998992,NFCORE_NANOSEQ:NANOSEQ:BAM_SORT_INDEX_SAMTOOLS:BAM_STATS_SAMTOOLS:SAMTOOLS_FLAGSTAT,K562_R3,NFCORE_NANOSEQ:NANOSEQ:BAM_SORT_INDEX_SAMTOOLS:BAM_STATS_SAMTOOLS:SAMTOOLS_FLAGSTAT (K562_R3),COMPLETED,0,-,quay.io/biocontainers/samtools:1.16.1--h6899075_1,1,14400000,-,6442450944,1,1724267964203,1724267964301,1724267984468,20265,20000,-,117.8,0.0,7057408,164339712,7057408,231587840,2768755509,5459,157382,19,0,12288,Intel(R) Core(TM) i7-10700T CPU @ 2.00GHz
69,-,996821,NFCORE_NANOSEQ:NANOSEQ:BAM_SORT_INDEX_SAMTOOLS:BAM_STATS_SAMTOOLS:SAMTOOLS_STATS,A549_R2,NFCORE_NANOSEQ:NANOSEQ:BAM_SORT_INDEX_SAMTOOLS:BAM_STATS_SAMTOOLS:SAMTOOLS_STATS (A549_R2),COMPLETED,0,-,quay.io/biocontainers/samtools:1.16.1--h6899075_1,1,14400000,-,6442450944,1,1724267950850,1724267950944,1724268006821,55971,55000,-,137.4,3.7,1256771584,1417723904,1256771584,1417728000,2773550853,38361515,159868,9383,7098368,38367232,Intel(R) Core(TM) i7-10700T CPU @ 2.00GHz
72,-,999377,NFCORE_NANOSEQ:NANOSEQ:BAM_SORT_INDEX_SAMTOOLS:BAM_STATS_SAMTOOLS:SAMTOOLS_STATS,K562_R3,NFCORE_NANOSEQ:NANOSEQ:BAM_SORT_INDEX_SAMTOOLS:BAM_STATS_SAMTOOLS:SAMTOOLS_STATS (K562_R3),COMPLETED,0,-,quay.io/biocontainers/samtools:1.16.1--h6899075_1,1,14400000,-,6442450944,1,1724267965192,1724267965286,1724268013696,48504,48000,-,139.1,0.5,185692160,343867392,185692160,343871488,2768756206,6533236,157382,1612,0,6537216,Intel(R) Core(TM) i7-10700T CPU @ 2.00GHz
50,-,1001995,NFCORE_NANOSEQ:NANOSEQ:BEDTOOLS_UCSC_BIGBED:BEDTOOLS_BAMBED,-,NFCORE_NANOSEQ:NANOSEQ:BEDTOOLS_UCSC_BIGBED:BEDTOOLS_BAMBED (1),COMPLETED,0,-,quay.io/biocontainers/bedtools:2.29.2--hc088bd4_0,6,28800000,-,25769803776,1,1724268006826,1724268006921,1724268051873,45047,43000,-,127.9,4.2,1422204928,1589313536,1422204928,1589362688,1883191630,431584661,152152,105384,10817536,215801856,Intel(R) Core(TM) i7-10700T CPU @ 2.00GHz
49,-,1003648,NFCORE_NANOSEQ:NANOSEQ:BEDTOOLS_UCSC_BIGWIG:BEDTOOLS_GENOMECOV,K562_R1,NFCORE_NANOSEQ:NANOSEQ:BEDTOOLS_UCSC_BIGWIG:BEDTOOLS_GENOMECOV (K562_R1),COMPLETED,0,-,quay.io/biocontainers/bedtools:2.29.2--hc088bd4_0,6,28800000,-,25769803776,1,1724268051877,1724268051972,1724268175487,123610,121000,-,116.7,22.9,7681814528,9532092416,8727257088,10686836736,2113405257,892011904,208837,19149021,31117312,446017536,Intel(R) Core(TM) i7-10700T CPU @ 2.00GHz
54,-,1006565,NFCORE_NANOSEQ:NANOSEQ:BEDTOOLS_UCSC_BIGWIG:BEDTOOLS_GENOMECOV,A549_R1,NFCORE_NANOSEQ:NANOSEQ:BEDTOOLS_UCSC_BIGWIG:BEDTOOLS_GENOMECOV (A549_R1),COMPLETED,0,-,quay.io/biocontainers/bedtools:2.29.2--hc088bd4_0,6,28800000,-,25769803776,1,1724268175492,1724268175587,1724268332075,156583,154000,-,110.3,18.8,6299512832,7440084992,7212290048,8431136768,3058324555,686610586,247276,14614418,102879232,343314432,Intel(R) Core(TM) i7-10700T CPU @ 2.00GHz
53,-,1009890,NFCORE_NANOSEQ:NANOSEQ:BEDTOOLS_UCSC_BIGBED:BEDTOOLS_BAMBED,-,NFCORE_NANOSEQ:NANOSEQ:BEDTOOLS_UCSC_BIGBED:BEDTOOLS_BAMBED (2),COMPLETED,0,-,quay.io/biocontainers/bedtools:2.29.2--hc088bd4_0,6,28800000,-,25769803776,1,1724268332080,1724268332175,1724268406524,74444,71000,-,133.0,8.6,2875224064,3356082176,2875224064,3356086272,3146173388,862308279,268153,210542,0,431165440,Intel(R) Core(TM) i7-10700T CPU @ 2.00GHz
59,-,1011899,NFCORE_NANOSEQ:NANOSEQ:BEDTOOLS_UCSC_BIGBED:BEDTOOLS_BAMBED,-,NFCORE_NANOSEQ:NANOSEQ:BEDTOOLS_UCSC_BIGBED:BEDTOOLS_BAMBED (3),COMPLETED,0,-,quay.io/biocontainers/bedtools:2.29.2--hc088bd4_0,6,28800000,-,25769803776,1,1724268406528,1724268406624,1724268441186,34658,32000,-,129.5,3.4,1129230336,1239179264,1129230336,1239183360,1431318910,338805929,113775,82734,79527936,169414656,Intel(R) Core(TM) i7-10700T CPU @ 2.00GHz
60,-,1013314,NFCORE_NANOSEQ:NANOSEQ:BEDTOOLS_UCSC_BIGWIG:BEDTOOLS_GENOMECOV,A549_R3,NFCORE_NANOSEQ:NANOSEQ:BEDTOOLS_UCSC_BIGWIG:BEDTOOLS_GENOMECOV (A549_R3),COMPLETED,0,-,quay.io/biocontainers/bedtools:2.29.2--hc088bd4_0,6,28800000,-,25769803776,1,1724268441191,1724268441286,1724268526737,85546,83000,-,116.3,13.9,4662300672,5912342528,6188810240,7472246784,1541130927,558429939,141406,11939497,0,279224320,Intel(R) Core(TM) i7-10700T CPU @ 2.00GHz
61,-,1015523,NFCORE_NANOSEQ:NANOSEQ:BEDTOOLS_UCSC_BIGWIG:BEDTOOLS_GENOMECOV,K562_R2,NFCORE_NANOSEQ:NANOSEQ:BEDTOOLS_UCSC_BIGWIG:BEDTOOLS_GENOMECOV (K562_R2),COMPLETED,0,-,quay.io/biocontainers/bedtools:2.29.2--hc088bd4_0,6,28800000,-,25769803776,1,1724268526742,1724268526837,1724268579300,52558,50000,-,120.3,9.1,3060707328,3968282624,4935663616,5541842944,868308250,381655365,87654,8256241,12394496,190836736,Intel(R) Core(TM) i7-10700T CPU @ 2.00GHz
62,-,1017153,NFCORE_NANOSEQ:NANOSEQ:BEDTOOLS_UCSC_BIGBED:BEDTOOLS_BAMBED,-,NFCORE_NANOSEQ:NANOSEQ:BEDTOOLS_UCSC_BIGBED:BEDTOOLS_BAMBED (4),COMPLETED,0,-,quay.io/biocontainers/bedtools:2.29.2--hc088bd4_0,6,28800000,-,25769803776,1,1724268579305,1724268579400,1724268598294,18989,16000,-,129.7,1.8,611495936,725540864,611495936,725577728,766321190,177681267,60428,43396,0,88850432,Intel(R) Core(TM) i7-10700T CPU @ 2.00GHz
67,-,1018291,NFCORE_NANOSEQ:NANOSEQ:BEDTOOLS_UCSC_BIGBED:BEDTOOLS_BAMBED,-,NFCORE_NANOSEQ:NANOSEQ:BEDTOOLS_UCSC_BIGBED:BEDTOOLS_BAMBED (5),COMPLETED,0,-,quay.io/biocontainers/bedtools:2.29.2--hc088bd4_0,6,28800000,-,25769803776,1,1724268598300,1724268598394,1724268667300,69000,67000,-,122.6,5.3,1786060800,2019262464,1786060800,2019266560,3050462010,553916993,227425,135250,77942784,276967424,Intel(R) Core(TM) i7-10700T CPU @ 2.00GHz
66,-,1020227,NFCORE_NANOSEQ:NANOSEQ:BEDTOOLS_UCSC_BIGWIG:BEDTOOLS_GENOMECOV,A549_R2,NFCORE_NANOSEQ:NANOSEQ:BEDTOOLS_UCSC_BIGWIG:BEDTOOLS_GENOMECOV (A549_R2),COMPLETED,0,-,quay.io/biocontainers/bedtools:2.29.2--hc088bd4_0,6,28800000,-,25769803776,1,1724268667304,1724268667400,1724268822395,155091,152000,-,113.9,24.1,8100868096,9490497536,9139150848,10637189120,3250633018,954258982,276926,20292797,2789376,477138944,Intel(R) Core(TM) i7-10700T CPU @ 2.00GHz
73,-,1023599,NFCORE_NANOSEQ:NANOSEQ:BEDTOOLS_UCSC_BIGBED:BEDTOOLS_BAMBED,-,NFCORE_NANOSEQ:NANOSEQ:BEDTOOLS_UCSC_BIGBED:BEDTOOLS_BAMBED (6),COMPLETED,0,-,quay.io/biocontainers/bedtools:2.29.2--hc088bd4_0,6,28800000,-,25769803776,1,1724268822399,1724268822495,1724268894093,71694,69000,-,128.4,7.1,2383282176,2776145920,2383282176,2776150016,3119679965,701942193,243009,171390,124952576,350982144,Intel(R) Core(TM) i7-10700T CPU @ 2.00GHz
74,-,1025531,NFCORE_NANOSEQ:NANOSEQ:BEDTOOLS_UCSC_BIGWIG:BEDTOOLS_GENOMECOV,K562_R3,NFCORE_NANOSEQ:NANOSEQ:BEDTOOLS_UCSC_BIGWIG:BEDTOOLS_GENOMECOV (K562_R3),COMPLETED,0,-,quay.io/biocontainers/bedtools:2.29.2--hc088bd4_0,6,28800000,-,25769803776,1,1724268894097,1724268894193,1724269056542,162445,159000,-,114.6,26.3,8805117952,11573129216,9862647808,12727726080,3292366655,1047315546,285634,22455979,0,523669504,Intel(R) Core(TM) i7-10700T CPU @ 2.00GHz
77,-,1028899,NFCORE_NANOSEQ:NANOSEQ:BEDTOOLS_UCSC_BIGBED:UCSC_BED12TOBIGBED,K562_R1,NFCORE_NANOSEQ:NANOSEQ:BEDTOOLS_UCSC_BIGBED:UCSC_BED12TOBIGBED (K562_R1),COMPLETED,0,-,quay.io/biocontainers/ucsc-bedtobigbed:377--h446ed27_1,6,28800000,-,25769803776,1,1724269056545,1724269056642,1724269068633,12088,9000,-,99.0,0.0,8822784,36798464,8953856,36868096,647485004,71235266,10026,7911,189886464,71245824,Intel(R) Core(TM) i7-10700T CPU @ 2.00GHz
78,-,1029553,NFCORE_NANOSEQ:NANOSEQ:BEDTOOLS_UCSC_BIGWIG:UCSC_BEDGRAPHTOBIGWIG,K562_R1,NFCORE_NANOSEQ:NANOSEQ:BEDTOOLS_UCSC_BIGWIG:UCSC_BEDGRAPHTOBIGWIG (K562_R1),COMPLETED,0,-,quay.io/biocontainers/ucsc-bedgraphtobigwig:377--h446ed27_1,6,28800000,-,25769803776,1,1724269068641,1724269068733,1724269092937,24296,22000,-,99.7,0.1,36634624,64401408,36704256,64405504,1338060350,82700572,20558,18629,293130240,82710528,Intel(R) Core(TM) i7-10700T CPU @ 2.00GHz
76,-,1030485,NFCORE_NANOSEQ:NANOSEQ:BAMBU,-,NFCORE_NANOSEQ:NANOSEQ:BAMBU (1),COMPLETED,0,-,quay.io/biocontainers/bioconductor-bambu:3.0.8--r42hc247a5b_0,6,28800000,-,25769803776,1,1724269092948,1724269093037,1724271319217,2226269,2225000,-,109.7,55.0,18436653056,22497210368,19829022720,23550328832,52738513782,412330156,1536644,101044,10152734720,412336128,Intel(R) Core(TM) i7-10700T CPU @ 2.00GHz
79,-,1041639,NFCORE_NANOSEQ:NANOSEQ:BEDTOOLS_UCSC_BIGWIG:UCSC_BEDGRAPHTOBIGWIG,A549_R1,NFCORE_NANOSEQ:NANOSEQ:BEDTOOLS_UCSC_BIGWIG:UCSC_BEDGRAPHTOBIGWIG (A549_R1),COMPLETED,0,-,quay.io/biocontainers/ucsc-bedgraphtobigwig:377--h446ed27_1,6,28800000,-,25769803776,1,1724271319235,1724271319316,1724271339183,19948,17000,-,99.8,0.1,22880256,50733056,22953984,50737152,1029958377,63869877,15857,14254,348848128,63881216,Intel(R) Core(TM) i7-10700T CPU @ 2.00GHz
80,-,1042459,NFCORE_NANOSEQ:NANOSEQ:BEDTOOLS_UCSC_BIGBED:UCSC_BED12TOBIGBED,A549_R1,NFCORE_NANOSEQ:NANOSEQ:BEDTOOLS_UCSC_BIGBED:UCSC_BED12TOBIGBED (A549_R1),COMPLETED,0,-,quay.io/biocontainers/ucsc-bedtobigbed:377--h446ed27_1,6,28800000,-,25769803776,1,1724271339196,1724271339283,1724271358847,19651,18000,-,99.1,0.0,9072640,36904960,9203712,36974592,1293570452,132265869,19893,15476,437018624,132276224,Intel(R) Core(TM) i7-10700T CPU @ 2.00GHz
81,-,1043281,NFCORE_NANOSEQ:NANOSEQ:BEDTOOLS_UCSC_BIGBED:UCSC_BED12TOBIGBED,A549_R3,NFCORE_NANOSEQ:NANOSEQ:BEDTOOLS_UCSC_BIGBED:UCSC_BED12TOBIGBED (A549_R3),COMPLETED,0,-,quay.io/biocontainers/ucsc-bedtobigbed:377--h446ed27_1,6,28800000,-,25769803776,1,1724271358852,1724271358947,1724271368334,9482,7000,-,99.2,0.0,15110144,42848256,15179776,43003904,508316906,57245555,7902,6368,169406464,57253888,Intel(R) Core(TM) i7-10700T CPU @ 2.00GHz
82,-,1043880,NFCORE_NANOSEQ:NANOSEQ:BEDTOOLS_UCSC_BIGWIG:UCSC_BEDGRAPHTOBIGWIG,A549_R3,NFCORE_NANOSEQ:NANOSEQ:BEDTOOLS_UCSC_BIGWIG:UCSC_BEDGRAPHTOBIGWIG (A549_R3),COMPLETED,0,-,quay.io/biocontainers/ucsc-bedgraphtobigwig:377--h446ed27_1,6,28800000,-,25769803776,1,1724271368339,1724271368435,1724271384404,16065,15000,-,99.9,0.0,8572928,36368384,8642560,36372480,837687388,52620220,12923,11596,279216128,52629504,Intel(R) Core(TM) i7-10700T CPU @ 2.00GHz
83,-,1044715,NFCORE_NANOSEQ:NANOSEQ:BEDTOOLS_UCSC_BIGWIG:UCSC_BEDGRAPHTOBIGWIG,K562_R2,NFCORE_NANOSEQ:NANOSEQ:BEDTOOLS_UCSC_BIGWIG:UCSC_BEDGRAPHTOBIGWIG (K562_R2),COMPLETED,0,-,quay.io/biocontainers/ucsc-bedgraphtobigwig:377--h446ed27_1,6,28800000,-,25769803776,1,1724271384408,1724271384504,1724271395965,11557,10000,-,99.9,0.1,23429120,51142656,29462528,57262080,572525524,40004752,8876,8671,190828544,40017920,Intel(R) Core(TM) i7-10700T CPU @ 2.00GHz
84,-,1045453,NFCORE_NANOSEQ:NANOSEQ:BEDTOOLS_UCSC_BIGBED:UCSC_BED12TOBIGBED,K562_R2,NFCORE_NANOSEQ:NANOSEQ:BEDTOOLS_UCSC_BIGBED:UCSC_BED12TOBIGBED (K562_R2),COMPLETED,0,-,quay.io/biocontainers/ucsc-bedtobigbed:377--h446ed27_1,6,28800000,-,25769803776,1,1724271395973,1724271396065,1724271401805,5832,4000,-,99.6,0.0,8613888,36651008,8749056,36786176,266629913,33137005,4209,3880,88842240,33144832,Intel(R) Core(TM) i7-10700T CPU @ 2.00GHz
85,-,1045835,NFCORE_NANOSEQ:NANOSEQ:BEDTOOLS_UCSC_BIGBED:UCSC_BED12TOBIGBED,A549_R2,NFCORE_NANOSEQ:NANOSEQ:BEDTOOLS_UCSC_BIGBED:UCSC_BED12TOBIGBED (A549_R2),COMPLETED,0,-,quay.io/biocontainers/ucsc-bedtobigbed:377--h446ed27_1,6,28800000,-,25769803776,1,1724271401812,1724271401905,1724271415798,13986,12000,-,99.3,0.0,8921088,36835328,9052160,36904960,830983505,91478613,12831,9656,276959232,91488256,Intel(R) Core(TM) i7-10700T CPU @ 2.00GHz
86,-,1046601,NFCORE_NANOSEQ:NANOSEQ:BEDTOOLS_UCSC_BIGWIG:UCSC_BEDGRAPHTOBIGWIG,A549_R2,NFCORE_NANOSEQ:NANOSEQ:BEDTOOLS_UCSC_BIGWIG:UCSC_BEDGRAPHTOBIGWIG (A549_R2),COMPLETED,0,-,quay.io/biocontainers/ucsc-bedgraphtobigwig:377--h446ed27_1,6,28800000,-,25769803776,1,1724271415805,1724271415898,1724271441679,25874,24000,-,99.9,0.1,24494080,52264960,24563712,52269056,1431430951,85896775,21983,19238,477130752,85905408,Intel(R) Core(TM) i7-10700T CPU @ 2.00GHz
87,-,1047479,NFCORE_NANOSEQ:NANOSEQ:BEDTOOLS_UCSC_BIGBED:UCSC_BED12TOBIGBED,K562_R3,NFCORE_NANOSEQ:NANOSEQ:BEDTOOLS_UCSC_BIGBED:UCSC_BED12TOBIGBED (K562_R3),COMPLETED,0,-,quay.io/biocontainers/ucsc-bedtobigbed:377--h446ed27_1,6,28800000,-,25769803776,1,1724271441685,1724271441779,1724271458805,17120,15000,-,99.2,0.0,9031680,36810752,9166848,36945920,1053021305,116030976,16221,13043,350973952,116039680,Intel(R) Core(TM) i7-10700T CPU @ 2.00GHz
88,-,1048240,NFCORE_NANOSEQ:NANOSEQ:BEDTOOLS_UCSC_BIGWIG:UCSC_BEDGRAPHTOBIGWIG,K562_R3,NFCORE_NANOSEQ:NANOSEQ:BEDTOOLS_UCSC_BIGWIG:UCSC_BEDGRAPHTOBIGWIG (K562_R3),COMPLETED,0,-,quay.io/biocontainers/ucsc-bedgraphtobigwig:377--h446ed27_1,6,28800000,-,25769803776,1,1724271458813,1724271458905,1724271486975,28162,26000,-,99.9,0.1,51957760,79572992,52027392,79712256,1571015798,99607783,24113,22275,523661312,99622912,Intel(R) Core(TM) i7-10700T CPU @ 2.00GHz
89,-,1049168,NFCORE_NANOSEQ:NANOSEQ:DIFFERENTIAL_DESEQ2_DEXSEQ:DESEQ2,-,NFCORE_NANOSEQ:NANOSEQ:DIFFERENTIAL_DESEQ2_DEXSEQ:DESEQ2 (1),COMPLETED,0,-,quay.io/biocontainers/mulled-v2-8849acf39a43cdd6c839a369a74c0adc823e2f91:ab110436faf952a33575c64dd74615a84011450b-0,6,28800000,-,25769803776,1,1724271486982,1724271487075,1724271528485,41503,40000,-,160.6,2.9,981221376,3424251904,981221376,3424256000,91763908,28653529,10125,7094,67735552,28659712,Intel(R) Core(TM) i7-10700T CPU @ 2.00GHz
90,-,1050328,NFCORE_NANOSEQ:NANOSEQ:DIFFERENTIAL_DESEQ2_DEXSEQ:DEXSEQ,-,NFCORE_NANOSEQ:NANOSEQ:DIFFERENTIAL_DESEQ2_DEXSEQ:DEXSEQ (1),COMPLETED,0,-,docker.io/yuukiiwa/nanoseq:dexseq,6,28800000,-,25769803776,1,1724271528489,1724271528585,1724271571710,43221,42387,-,177.8,3.2,1088671744,3623493632,1088671744,3623510016,164678216,255942,17005,255,85700608,262144,Intel(R) Core(TM) i7-10700T CPU @ 2.00GHz
91,-,1051667,NFCORE_NANOSEQ:NANOSEQ:CUSTOM_DUMPSOFTWAREVERSIONS,-,NFCORE_NANOSEQ:NANOSEQ:CUSTOM_DUMPSOFTWAREVERSIONS (1),COMPLETED,0,-,quay.io/biocontainers/multiqc:1.13--pyhdfd78af_0,1,14400000,-,6442450944,1,1724271571797,1724271571810,1724271572616,819,136,-,72.7,0.0,5300224,12582912,5300224,12582912,862873,4192,266,15,8470528,12288,Intel(R) Core(TM) i7-10700T CPU @ 2.00GHz
92,-,1051848,NFCORE_NANOSEQ:NANOSEQ:MULTIQC,-,NFCORE_NANOSEQ:NANOSEQ:MULTIQC (1),COMPLETED,0,-,quay.io/biocontainers/multiqc:1.11--pyhdfd78af_0,6,28800000,-,25769803776,1,1724271572664,1724271572716,1724271590013,17349,16689,-,146.5,0.5,154189824,2545790976,154189824,2545803264,1452324586,5281864,233077,698,81149952,5713920,Intel(R) Core(TM) i7-10700T CPU @ 2.00GHz
